{
    "results": {
        "tool": {
            "name": "pytest",
            "version": "8.4.1"
        },
        "summary": {
            "tests": 2,
            "passed": 2,
            "failed": 0,
            "skipped": 0,
            "pending": 0,
            "other": 0,
            "start": 1776493711.2997828,
            "stop": 1776493711.310125
        },
        "tests": [
            {
                "name": "test_final_state.py::test_script_exists",
                "status": "passed",
                "duration": 0.00046943395864218473,
                "start": 1776493711.3080125,
                "stop": 1776493711.3086815,
                "retries": 0,
                "file_path": "test_final_state.py"
            },
            {
                "name": "test_final_state.py::test_script_logic",
                "status": "passed",
                "duration": 0.000976957002421841,
                "start": 1776493711.3088667,
                "stop": 1776493711.309976,
                "retries": 0,
                "file_path": "test_final_state.py"
            }
        ]
    }
}